{"cameraMode":{"drawMode":0,"name":"Shaded","section":"Shading Mode"},"sceneLighting":true,"audioPlay":false,"sceneViewState":{"showFog":true,"showMaterialUpdate":true,"showSkybox":true,"showFlares":true,"showImageEffects":true,"showParticleSystems":true},"in2DMode":false,"pivot":{"x":13.528851509094239,"y":6.904346466064453,"z":-0.4047088921070099},"rotation":{"x":-0.25648611783981326,"y":0.23040470480918885,"z":-0.06312227249145508,"w":-0.936559796333313},"size":41.04902648925781,"orthographic":false}